donor_id,blood_type,rh_factor,hemoglobin,weight_kg,last_donated_date,hiv,hepatitis_b,hepatitis_c,city,latitude,longitude,is_available
D001,A,-,14.2,66.1,2025-12-03,0,0,0,Mumbai,19.0285,72.8552,1
D002,AB,+,13.5,57.9,2025-05-23,0,0,0,Chennai,13.08882,80.2923,1
D003,AB,-,14.4,46.8,2025-01-26,0,0,0,Delhi,28.58543,77.23535,1
D004,B,+,14.5,67.5,2025-10-06,0,0,0,Pune,18.47828,73.83602,0
D005,AB,+,12.4,48.6,2024-10-04,0,0,0,Bengaluru,13.00825,77.58261,1
D006,B,-,14.9,47.7,2025-12-07,0,0,0,Delhi,28.61731,77.18348,0
D007,B,-,10.9,81.2,2025-04-16,0,0,0,Hyderabad,17.37512,78.44332,1
D008,O,-,14.5,105.8,2025-02-23,0,0,0,Delhi,28.58856,77.21514,1
D009,O,-,12.1,57.4,2025-11-14,0,0,0,Chennai,13.11881,80.23598,0
D010,AB,+,13.3,71.8,2026-07-26,0,0,0,Chennai,13.10073,80.23216,0
D011,B,+,12.9,70.1,2025-02-01,0,0,0,Kolkata,22.61979,88.3901,0
D012,B,+,13.6,80.5,2026-05-10,0,0,0,Hyderabad,17.38386,78.44789,1
D013,B,-,11.5,62.2,2025-12-25,0,0,0,Ahmedabad,23.0541,72.6192,0
D014,O,+,13.5,69.4,2026-07-08,0,0,0,Bengaluru,12.99289,77.5845,1
D015,A,-,14.5,68.8,2025-03-19,0,0,0,Bengaluru,12.98044,77.54532,1
D016,O,+,15.3,74.8,2025-08-01,0,0,0,Delhi,28.63624,77.24724,1
D017,AB,+,13.5,72.8,2025-04-26,0,0,0,Ahmedabad,23.05888,72.52682,1
D018,A,+,12.4,52.8,2026-07-14,0,0,0,Delhi,28.59175,77.18398,0
D019,O,+,14.7,64.1,2025-04-20,0,0,0,Bengaluru,12.93823,77.59316,1
D020,AB,+,15.1,69.2,2025-02-01,0,0,0,Ahmedabad,22.98798,72.55107,1
D021,B,+,12.4,56.5,2024-12-09,0,0,0,Mumbai,19.11113,72.83455,1
D022,AB,-,12.5,83.3,2026-05-16,0,0,0,Hyderabad,17.42847,78.45713,1
D023,B,-,13.1,77.6,2025-01-19,0,0,0,Mumbai,19.03333,72.84902,1
D024,AB,+,15.4,52.4,2026-02-20,0,0,0,Chennai,13.09949,80.27616,1
D025,A,+,11.6,48.1,2026-06-14,0,0,0,Bengaluru,12.99336,77.56496,1
D026,A,+,16.3,76.3,2026-02-27,0,0,0,Delhi,28.62761,77.1852,1
D027,A,-,13.8,73.8,2026-04-15,0,0,0,Hyderabad,17.39325,78.45151,1
D028,B,-,15.9,68.0,2025-08-23,0,0,0,Pune,18.56778,73.88165,1
D029,A,-,15.6,47.9,2025-12-14,0,0,0,Pune,18.55062,73.89311,1
D030,O,-,13.4,69.5,2025-10-17,0,0,0,Ahmedabad,23.00747,72.60345,1
D031,AB,+,9.7,48.3,2026-06-20,0,1,0,Pune,18.53835,73.89107,1
D032,B,-,15.0,68.5,2025-02-12,0,0,0,Pune,18.50497,73.88534,0
D033,A,-,11.3,64.2,2025-08-29,0,0,0,Bengaluru,12.95802,77.5516,1
D034,B,-,11.1,77.6,2025-09-21,0,0,0,Kolkata,22.57804,88.33308,1
D035,O,+,12.8,56.8,2024-10-19,0,0,0,Pune,18.54898,73.86737,1
D036,A,+,13.6,78.6,2026-05-16,0,0,0,Mumbai,19.10784,72.90281,1
D037,A,-,14.0,86.3,2025-02-14,0,0,0,Bengaluru,12.99343,77.583,1
D038,AB,-,11.7,52.6,2025-02-28,0,0,0,Bengaluru,13.01335,77.55674,1
D039,AB,-,12.7,58.1,2026-05-11,0,0,0,Ahmedabad,23.06222,72.59577,1
D040,B,+,14.9,69.8,2025-01-20,0,0,0,Bengaluru,12.94877,77.57657,1
D041,O,-,14.9,65.4,2025-06-25,0,0,0,Chennai,13.05338,80.26271,0
D042,AB,-,12.0,66.1,2025-06-10,0,0,0,Pune,18.52422,73.88016,1
D043,A,+,13.0,59.9,2025-04-13,0,0,0,Ahmedabad,23.06445,72.61947,1
D044,O,-,14.4,53.4,2025-01-23,0,0,0,Kolkata,22.56051,88.33507,1
D045,B,+,14.6,50.8,2025-11-27,0,0,0,Hyderabad,17.35742,78.44356,1
D046,A,+,14.2,63.7,2026-07-03,0,0,0,Mumbai,19.0824,72.8495,0
D047,A,-,14.7,51.9,2026-03-28,0,0,0,Pune,18.51007,73.8782,1
D048,O,-,16.5,83.8,2024-10-17,0,0,0,Chennai,13.06742,80.26354,0
D049,O,-,11.3,72.7,2025-10-28,0,0,0,Ahmedabad,23.04323,72.56495,1
D050,O,-,16.4,69.2,2026-01-24,0,0,0,Bengaluru,13.00467,77.55327,1
D051,A,+,15.6,74.8,2025-03-16,0,0,0,Hyderabad,17.41478,78.47073,1
D052,B,-,13.0,55.4,2024-12-11,0,0,0,Bengaluru,12.99066,77.60919,1
D053,AB,+,14.2,70.4,2026-03-29,0,0,0,Hyderabad,17.37755,78.51129,1
D054,AB,+,14.1,56.3,2025-07-25,0,0,0,Delhi,28.58305,77.23286,1
D055,B,-,13.7,66.1,2025-10-11,0,0,0,Chennai,13.1035,80.23336,1
D056,A,-,11.5,65.8,2026-06-05,0,0,0,Ahmedabad,23.00657,72.61795,1
D057,B,-,12.0,69.0,2024-12-04,0,0,0,Kolkata,22.53112,88.33872,0
D058,B,-,13.0,59.1,2026-02-02,0,0,0,Kolkata,22.57946,88.31992,1
D059,AB,-,14.5,68.8,2025-11-01,0,0,0,Delhi,28.56417,77.20405,1
D060,A,+,14.1,73.9,2024-12-24,0,0,0,Bengaluru,12.96411,77.59906,0
D061,O,-,13.9,66.7,2025-05-13,0,0,0,Ahmedabad,22.98494,72.59027,1
D062,A,-,11.2,55.6,2026-01-31,0,0,0,Kolkata,22.52519,88.33679,1
D063,A,-,12.7,73.8,2026-04-13,0,0,0,Ahmedabad,23.06411,72.53955,0
D064,A,-,14.5,69.8,2026-04-02,0,0,0,Hyderabad,17.37616,78.48625,0
D065,A,+,11.4,63.1,2025-03-06,1,0,0,Pune,18.55689,73.88919,1
D066,A,+,15.5,62.2,2025-11-26,0,0,0,Chennai,13.05306,80.27562,1
D067,O,+,13.0,59.4,2025-10-04,0,0,0,Kolkata,22.57768,88.36913,1
D068,B,+,14.3,57.7,2025-05-31,0,0,0,Kolkata,22.56415,88.36215,1
D069,O,+,11.9,69.6,2025-08-23,0,0,0,Kolkata,22.60465,88.34218,1
D070,B,-,15.9,70.4,2025-07-04,0,0,0,Pune,18.51593,73.83888,1
D071,O,+,11.9,62.8,2026-03-04,0,0,0,Delhi,28.61343,77.1627,1
D072,A,-,15.3,46.0,2025-07-05,0,0,0,Delhi,28.57138,77.23715,0
D073,B,+,12.9,67.2,2024-10-19,0,0,0,Ahmedabad,23.05974,72.52499,1
D074,AB,-,12.9,69.8,2025-02-01,0,0,0,Mumbai,19.07037,72.8971,1
D075,B,+,12.4,67.2,2025-11-10,0,0,0,Delhi,28.5809,77.1669,1
D076,AB,-,12.9,52.7,2025-09-23,0,0,0,Ahmedabad,23.06262,72.58916,1
D077,AB,+,15.7,62.6,2025-10-21,0,0,0,Pune,18.55573,73.81737,1
D078,B,-,13.7,72.6,2025-11-15,0,0,0,Chennai,13.12376,80.29522,1
D079,AB,+,14.6,70.4,2025-05-30,0,0,0,Delhi,28.62672,77.24934,1
D080,B,-,16.6,50.2,2025-09-30,0,0,0,Delhi,28.64255,77.24665,1
D081,O,-,14.8,71.5,2025-11-01,0,0,0,Hyderabad,17.41542,78.48353,1
D082,AB,+,12.7,52.9,2024-11-02,0,0,0,Ahmedabad,23.00936,72.5963,0
D083,AB,-,13.8,67.4,2026-06-21,0,0,0,Hyderabad,17.42653,78.45884,1
D084,O,+,15.1,53.5,2025-03-15,0,0,0,Ahmedabad,22.98411,72.54488,1
D085,A,-,9.5,55.9,2025-07-27,0,0,0,Kolkata,22.52587,88.35095,1
D086,A,+,13.8,56.3,2026-03-23,0,0,0,Kolkata,22.54158,88.32612,1
D087,AB,+,14.0,49.3,2025-10-19,0,0,0,Bengaluru,12.92846,77.62112,0
D088,B,+,11.8,81.4,2024-12-04,0,0,0,Delhi,28.66265,77.21302,1
D089,O,-,12.8,64.5,2025-03-01,0,0,0,Delhi,28.59044,77.17168,1
D090,A,+,16.4,64.8,2025-05-19,0,0,0,Chennai,13.10542,80.31158,1
D091,B,-,12.1,53.8,2025-08-31,0,0,0,Ahmedabad,23.04374,72.56576,1
D092,B,-,12.5,67.6,2025-08-16,0,0,0,Kolkata,22.56797,88.37444,0
D093,B,-,16.1,74.3,2026-04-25,0,0,0,Pune,18.512,73.81621,1
D094,A,-,12.2,79.1,2025-05-22,0,0,0,Hyderabad,17.41618,78.49234,0
D095,O,+,14.3,55.9,2025-01-06,0,0,0,Chennai,13.12954,80.28074,1
D096,A,-,14.7,66.7,2025-09-16,0,0,0,Kolkata,22.58001,88.39462,0
D097,A,+,13.5,56.6,2025-05-26,0,0,0,Hyderabad,17.33561,78.52369,1
D098,A,+,14.6,78.9,2026-05-07,0,0,0,Delhi,28.60091,77.23116,1
D099,O,+,13.0,82.7,2025-03-18,0,0,0,Pune,18.51897,73.8509,1
D100,B,+,13.6,55.1,2026-03-29,0,1,0,Kolkata,22.52714,88.35343,1
D101,AB,+,11.5,76.9,2025-05-09,0,0,0,Pune,18.48797,73.84472,1
D102,A,-,14.8,66.4,2024-11-04,0,0,0,Mumbai,19.11221,72.88528,1
D103,O,-,13.5,56.5,2026-02-07,0,0,0,Hyderabad,17.34381,78.52115,1
D104,B,+,14.4,70.6,2026-02-02,0,0,0,Mumbai,19.07906,72.84709,1
D105,O,-,14.9,52.3,2026-02-25,0,0,0,Mumbai,19.04371,72.90498,1
D106,AB,-,13.0,66.2,2025-10-09,0,0,0,Ahmedabad,23.01672,72.55168,1
D107,A,-,15.1,56.5,2026-01-18,0,0,0,Mumbai,19.0875,72.87841,1
D108,A,+,15.8,69.6,2025-05-06,0,0,0,Ahmedabad,23.02264,72.61717,1
D109,A,-,14.1,67.2,2025-06-29,0,0,0,Delhi,28.60029,77.25079,1
D110,O,+,10.6,49.1,2025-09-15,0,0,0,Delhi,28.59724,77.21727,1
D111,A,-,13.2,64.9,2025-09-16,0,0,0,Hyderabad,17.41632,78.50371,1
D112,AB,+,11.6,64.3,2025-02-05,0,0,0,Bengaluru,12.95577,77.62122,1
D113,B,-,14.9,68.1,2025-11-28,0,0,0,Hyderabad,17.42264,78.4985,0
D114,O,+,11.0,86.5,2025-05-04,0,0,0,Kolkata,22.59784,88.39228,1
D115,B,-,15.1,69.4,2025-07-14,0,0,0,Kolkata,22.60041,88.36419,1
D116,O,+,13.8,60.4,2025-12-14,0,0,0,Mumbai,19.09714,72.87929,0
D117,A,-,13.7,75.4,2026-04-19,0,0,0,Hyderabad,17.42805,78.47819,0
D118,B,-,13.4,65.4,2026-05-09,0,0,0,Hyderabad,17.41414,78.45046,1
D119,AB,+,13.4,68.6,2025-05-26,0,0,0,Bengaluru,13.0051,77.59948,1
D120,B,+,13.5,65.6,2025-08-02,0,0,0,Ahmedabad,22.97878,72.60507,1
D121,A,-,13.8,62.4,2025-06-28,0,0,0,Pune,18.48913,73.87352,0
D122,A,-,14.4,73.3,2025-08-17,0,0,0,Kolkata,22.59733,88.34961,0
D123,B,+,12.7,36.9,2026-06-22,0,0,0,Delhi,28.64694,77.22747,1
D124,O,-,15.6,68.9,2025-10-10,0,0,0,Chennai,13.11181,80.30928,1
D125,O,-,13.0,71.5,2025-03-07,0,0,0,Chennai,13.11928,80.25389,1
D126,AB,-,14.6,71.4,2025-09-30,0,0,0,Kolkata,22.60271,88.38661,1
D127,O,-,11.8,48.7,2026-06-01,0,0,0,Pune,18.48706,73.85109,1
D128,O,+,14.3,71.3,2024-10-07,0,0,0,Pune,18.50673,73.88681,1
D129,O,+,11.9,58.4,2025-06-17,0,0,0,Pune,18.56535,73.80994,1
D130,A,-,13.9,46.5,2025-12-22,0,0,0,Kolkata,22.54756,88.32524,0
D131,B,-,16.2,64.6,2025-09-05,0,0,0,Kolkata,22.592,88.41376,1
D132,B,-,12.7,64.7,2026-01-05,0,0,0,Mumbai,19.081,72.85674,1
D133,B,+,14.9,69.9,2025-03-26,0,0,0,Bengaluru,13.00064,77.54723,1
D134,AB,+,15.4,50.5,2024-10-12,0,0,0,Pune,18.55273,73.81408,1
D135,B,+,12.5,81.9,2025-08-09,0,0,0,Delhi,28.60716,77.25007,0
D136,AB,+,12.6,64.9,2024-12-12,0,0,0,Kolkata,22.60719,88.33896,1
D137,AB,+,13.7,52.6,2024-10-13,0,1,0,Hyderabad,17.41925,78.49306,1
D138,O,+,13.2,58.5,2025-05-30,0,0,0,Kolkata,22.58679,88.34411,1
D139,AB,-,14.5,73.5,2024-12-31,0,0,0,Bengaluru,12.95562,77.55897,1
D140,O,-,13.5,89.0,2026-02-16,0,0,0,Bengaluru,12.96825,77.57135,0
D141,O,+,14.8,71.4,2025-04-17,0,0,0,Hyderabad,17.35398,78.45263,0
D142,O,-,10.7,59.7,2025-05-14,0,0,0,Bengaluru,12.97993,77.54947,1
D143,B,-,12.9,63.5,2025-02-28,0,0,0,Kolkata,22.59535,88.39029,1
D144,AB,-,12.2,60.9,2026-03-04,0,0,0,Kolkata,22.60513,88.37622,1
D145,O,+,12.1,56.1,2025-08-28,0,0,0,Pune,18.52041,73.81123,0
D146,O,-,13.2,65.3,2025-08-24,0,0,0,Hyderabad,17.35125,78.53576,1
D147,O,-,16.1,60.7,2024-12-14,0,0,1,Pune,18.52877,73.88638,1
D148,B,+,17.1,70.8,2026-04-08,0,0,0,Chennai,13.09105,80.23775,1
D149,O,+,13.0,51.0,2025-01-01,0,0,0,Ahmedabad,23.00387,72.53654,1
D150,AB,-,12.7,60.0,2025-11-19,0,0,0,Ahmedabad,23.02505,72.55278,1
D151,O,-,11.6,66.9,2025-10-22,0,0,0,Kolkata,22.54509,88.41119,1
D152,A,-,14.1,63.7,2025-05-03,0,0,0,Pune,18.55998,73.84615,1
D153,A,+,13.6,82.8,2025-02-01,0,0,0,Ahmedabad,22.9939,72.6042,1
D154,A,+,10.6,80.5,2025-03-29,0,0,0,Bengaluru,12.92685,77.58593,1
D155,B,+,14.3,61.1,2026-01-30,0,0,0,Bengaluru,12.99719,77.57332,0
D156,AB,+,15.4,65.9,2026-04-11,0,0,0,Chennai,13.13242,80.2604,0
D157,O,-,13.8,70.5,2026-02-13,0,0,0,Hyderabad,17.36346,78.53561,1
D158,B,+,11.9,54.0,2025-06-09,0,0,0,Kolkata,22.59446,88.31531,0
D159,B,+,13.4,73.8,2025-10-29,0,0,0,Hyderabad,17.34367,78.50363,0
D160,A,-,13.0,76.5,2025-03-02,0,0,0,Kolkata,22.58085,88.37119,0
D161,B,-,14.9,81.3,2024-11-16,0,0,0,Kolkata,22.59163,88.37777,1
D162,A,-,12.1,63.0,2024-12-29,0,0,0,Ahmedabad,23.04824,72.6016,1
D163,B,-,15.0,72.8,2026-06-03,0,0,0,Bengaluru,12.97887,77.55959,1
D164,O,-,14.5,46.8,2024-12-14,0,0,0,Pune,18.51608,73.81247,1
D165,O,+,13.3,72.4,2026-03-13,0,0,0,Pune,18.50485,73.81308,1
D166,A,+,12.7,55.9,2026-01-28,0,0,0,Pune,18.50785,73.89583,0
D167,AB,-,12.6,51.7,2025-01-31,0,1,1,Pune,18.52328,73.87949,1
D168,A,+,14.1,53.4,2026-07-13,0,0,0,Bengaluru,12.94635,77.57922,1
D169,A,-,11.8,70.6,2026-06-02,0,0,0,Mumbai,19.03609,72.83106,1
D170,AB,+,13.2,71.3,2025-02-11,0,0,0,Kolkata,22.54602,88.40554,1
D171,O,-,14.8,68.2,2024-10-09,0,0,0,Kolkata,22.55012,88.36957,1
D172,B,+,12.8,82.9,2025-04-11,0,0,0,Hyderabad,17.40463,78.47753,0
D173,A,-,13.9,60.7,2026-01-15,0,0,0,Pune,18.56718,73.86243,1
D174,B,-,14.3,90.3,2025-09-22,0,0,0,Pune,18.53777,73.86699,0
D175,B,+,12.6,70.4,2025-09-03,0,0,0,Chennai,13.05388,80.2397,1
D176,O,+,14.3,46.8,2025-09-05,0,0,0,Pune,18.51703,73.87157,0
D177,O,-,14.3,73.8,2025-07-06,0,0,1,Hyderabad,17.36629,78.44127,1
D178,O,-,14.8,83.6,2026-02-06,0,0,0,Bengaluru,12.97153,77.61006,1
D179,A,+,13.6,52.7,2024-10-22,0,0,0,Ahmedabad,22.9909,72.61034,1
D180,O,-,15.3,66.5,2025-06-03,0,0,0,Delhi,28.56481,77.20957,1
D181,B,+,15.1,57.8,2025-11-25,0,0,0,Kolkata,22.57617,88.34257,1
D182,B,+,12.6,86.4,2026-05-08,0,0,0,Kolkata,22.60412,88.34063,1
D183,B,+,11.9,65.0,2025-08-24,0,0,1,Chennai,13.04205,80.25863,1
D184,O,-,14.1,66.4,2025-10-15,0,0,0,Mumbai,19.11548,72.91962,0
D185,O,+,12.9,79.7,2024-12-26,1,0,0,Chennai,13.05064,80.30574,0
D186,A,-,15.0,69.3,2026-05-13,0,0,0,Pune,18.5381,73.86076,1
D187,B,-,12.1,61.2,2026-01-20,0,0,0,Pune,18.56729,73.83934,1
D188,B,-,13.0,48.5,2025-06-26,0,0,0,Pune,18.47897,73.86856,1
D189,A,+,11.8,71.4,2025-02-20,0,0,0,Mumbai,19.03515,72.922,1
D190,A,-,11.3,75.8,2025-01-03,0,0,0,Chennai,13.04166,80.27612,0
D191,O,+,15.0,70.0,2025-05-24,0,0,0,Bengaluru,12.9788,77.56156,1
D192,O,+,13.6,66.1,2025-06-19,0,0,0,Mumbai,19.06211,72.92212,1
D193,B,-,11.9,91.3,2026-01-05,0,0,0,Pune,18.55081,73.83965,1
D194,B,-,11.5,80.5,2025-06-22,0,0,0,Delhi,28.66036,77.25587,1
D195,O,+,12.3,68.8,2026-05-20,0,0,0,Bengaluru,12.98082,77.59916,0
D196,O,-,17.6,81.5,2025-03-26,0,0,0,Pune,18.5377,73.82062,1
D197,A,+,13.8,47.6,2025-07-31,0,0,0,Pune,18.52476,73.88577,1
D198,O,+,14.7,65.6,2025-02-22,0,0,0,Chennai,13.08902,80.2852,1
D199,AB,+,12.3,66.1,2026-05-03,0,0,0,Bengaluru,12.96618,77.58371,1
D200,A,-,13.2,52.0,2026-05-22,0,0,0,Delhi,28.59873,77.19331,1
