recipient_id,blood_type,rh_factor,urgency_score,units_needed,city,latitude,longitude
R001,A,+,10,2,Mumbai,19.02826,72.86201
R002,O,-,5,4,Delhi,28.61909,77.1921
R003,O,+,8,2,Delhi,28.58254,77.22473
R004,B,+,5,1,Ahmedabad,23.03172,72.56028
R005,AB,-,4,1,Mumbai,19.10595,72.88139
R006,AB,-,8,1,Kolkata,22.58967,88.36285
R007,B,-,10,1,Hyderabad,17.3702,78.48249
R008,A,+,6,2,Delhi,28.59522,77.18286
R009,O,-,4,2,Pune,18.51222,73.82049
R010,AB,-,8,3,Delhi,28.61286,77.17303
R011,O,-,6,4,Chennai,13.08116,80.24021
R012,B,+,7,2,Pune,18.54141,73.85109
R013,AB,+,9,4,Kolkata,22.52587,88.33638
R014,AB,+,8,4,Mumbai,19.08327,72.85449
R015,B,-,9,1,Bengaluru,13.02058,77.55484
R016,A,-,9,1,Ahmedabad,22.99878,72.60762
R017,AB,-,4,2,Bengaluru,12.94259,77.61836
R018,AB,-,7,2,Bengaluru,13.00295,77.62514
R019,AB,+,4,4,Hyderabad,17.4329,78.46596
R020,B,+,5,3,Chennai,13.13195,80.3074
R021,O,+,7,3,Bengaluru,12.99775,77.61222
R022,A,-,7,3,Pune,18.50792,73.81425
R023,A,+,8,4,Hyderabad,17.38047,78.4855
R024,O,+,10,2,Hyderabad,17.42001,78.51627
R025,AB,+,7,4,Ahmedabad,22.99935,72.60423
R026,A,+,8,4,Hyderabad,17.42442,78.51293
R027,O,-,1,4,Chennai,13.04512,80.30647
R028,AB,+,9,3,Bengaluru,13.02117,77.63554
R029,AB,+,2,3,Mumbai,19.09146,72.85274
R030,A,+,5,1,Bengaluru,12.96452,77.55372
R031,O,+,1,3,Delhi,28.62327,77.21094
R032,B,-,3,4,Mumbai,19.12482,72.86993
R033,AB,-,9,2,Mumbai,19.09908,72.83794
R034,B,+,3,1,Pune,18.54775,73.88202
R035,B,-,8,4,Delhi,28.60791,77.23124
R036,A,-,6,4,Bengaluru,12.93027,77.55465
R037,A,+,7,3,Hyderabad,17.41411,78.46148
R038,AB,+,7,2,Chennai,13.11749,80.28654
R039,B,-,6,2,Pune,18.49995,73.81216
R040,A,-,10,2,Ahmedabad,23.03631,72.5285
R041,AB,+,8,1,Pune,18.55648,73.86354
R042,B,+,10,4,Chennai,13.09144,80.22208
R043,O,-,8,1,Kolkata,22.58546,88.364
R044,B,+,7,4,Delhi,28.59165,77.18999
R045,B,+,5,4,Mumbai,19.05702,72.87145
R046,AB,+,3,2,Mumbai,19.07134,72.88858
R047,AB,+,6,3,Chennai,13.04908,80.316
R048,O,-,7,3,Mumbai,19.10314,72.83064
R049,A,-,9,2,Mumbai,19.07561,72.87878
R050,A,+,8,1,Hyderabad,17.35073,78.51403
